{
	"AlgoMap255BrLevel": {
		"sectionone": [0.006667,1.993],
		"sectiontwo": [0.05034,-194.6],
		"sectionthree": [0.01616628176,39.29330254],
		"sectionkeypoint": [4501,6848]
	},
	"LcmMapAlgoBrLevel": [
		[1,1],
		[2,76],
		[3,226],
		[4,376],
		[5,526],
		[6,676],
		[7,826],
		[8,976],
		[9,1125],
		[10,1275],
		[11,1425],
		[12,1575],
		[13,1725],
		[14,1875],
		[15,2025],
		[16,2175],
		[17,2325],
		[18,2475],
		[19,2625],
		[20,2775],
		[21,2925],
		[22,3075],
		[23,3225],
		[24,3375],
		[25,3525],
		[26,3675],
		[27,3825],
		[28,3975],
		[29,4125],
		[30,4275],
		[31,4425],
		[32,4511],
		[33,4531],
		[34,4551],
		[35,4570],
		[36,4590],
		[37,4610],
		[38,4630],
		[39,4650],
		[40,4670],
		[41,4690],
		[42,4710],
		[43,4729],
		[44,4749],
		[45,4769],
		[46,4789],
		[47,4809],
		[48,4829],
		[49,4849],
		[50,4868],
		[51,4888],
		[52,4908],
		[53,4928],
		[54,4948],
		[55,4968],
		[56,4988],
		[57,5008],
		[58,5027],
		[59,5047],
		[60,5067],
		[61,5087],
		[62,5107],
		[63,5127],
		[64,5147],
		[65,5166],
		[66,5186],
		[67,5206],
		[68,5226],
		[69,5246],
		[70,5266],
		[71,5286],
		[72,5305],
		[73,5325],
		[74,5345],
		[75,5365],
		[76,5385],
		[77,5405],
		[78,5425],
		[79,5445],
		[80,5464],
		[81,5484],
		[82,5504],
		[83,5524],
		[84,5544],
		[85,5564],
		[86,5584],
		[87,5603],
		[88,5623],
		[89,5643],
		[90,5663],
		[91,5683],
		[92,5703],
		[93,5723],
		[94,5743],
		[95,5762],
		[96,5782],
		[97,5802],
		[98,5822],
		[99,5842],
		[100,5862],
		[101,5882],
		[102,5901],
		[103,5921],
		[104,5941],
		[105,5961],
		[106,5981],
		[107,6001],
		[108,6021],
		[109,6040],
		[110,6060],
		[111,6080],
		[112,6100],
		[113,6120],
		[114,6140],
		[115,6160],
		[116,6180],
		[117,6199],
		[118,6219],
		[119,6239],
		[120,6259],
		[121,6279],
		[122,6299],
		[123,6319],
		[124,6338],
		[125,6358],
		[126,6378],
		[127,6398],
		[128,6418],
		[129,6438],
		[130,6458],
		[131,6478],
		[132,6497],
		[133,6517],
		[134,6537],
		[135,6557],
		[136,6577],
		[137,6597],
		[138,6617],
		[139,6636],
		[140,6656],
		[141,6676],
		[142,6696],
		[143,6716],
		[144,6736],
		[145,6756],
		[146,6775],
		[147,6795],
		[148,6815],
		[149,6835],
		[150,6877],
		[151,6940],
		[152,7002],
		[153,7064],
		[154,7126],
		[155,7188],
		[156,7250],
		[157,7312],
		[158,7373],
		[159,7435],
		[160,7497],
		[161,7559],
		[162,7621],
		[163,7683],
		[164,7745],
		[165,7806],
		[166,7868],
		[167,7930],
		[168,7992],
		[169,8054],
		[170,8116],
		[171,8178],
		[172,8239],
		[173,8301],
		[174,8363],
		[175,8425],
		[176,8487],
		[177,8549],
		[178,8611],
		[179,8672],
		[180,8734],
		[181,8796],
		[182,8858],
		[183,8920],
		[184,8982],
		[185,9044],
		[186,9105],
		[187,9167],
		[188,9229],
		[189,9291],
		[190,9353],
		[191,9415],
		[192,9477],
		[193,9538],
		[194,9600],
		[195,9662],
		[196,9724],
		[197,9786],
		[198,9848],
		[199,9910],
		[200,9971],
		[201,10033],
		[202,10095],
		[203,10157],
		[204,10219],
		[205,10281],
		[206,10343],
		[207,10404],
		[208,10466],
		[209,10528],
		[210,10590],
		[211,10652],
		[212,10714],
		[213,10776],
		[214,10837],
		[215,10899],
		[216,10961],
		[217,11023],
		[218,11085],
		[219,11147],
		[220,11209],
		[221,11270],
		[222,11332],
		[223,11394],
		[224,11456],
		[225,11518],
		[226,11580],
		[227,11642],
		[228,11703],
		[229,11765],
		[230,11827],
		[231,11889],
		[232,11951],
		[233,12013],
		[234,12075],
		[235,12136],
		[236,12198],
		[237,12260],
		[238,12322],
		[239,12384],
		[240,12446],
		[241,12508],
		[242,12569],
		[243,12631],
		[244,12693],
		[245,12755],
		[246,12817],
		[247,12879],
		[248,12941],
		[249,13002],
		[250,13064],
		[251,13126],
		[252,13188],
		[253,13250],
		[254,13312],
		[255,13343]
	]
}
