{
	"AlgoMap255BrLevel": {
		"sectionone": [0.006667,1.993],
		"sectiontwo": [0.05034,-194.6],
		"sectionthree": [0.01559483143,43.20659439],
		"sectionkeypoint": [4501,6848]
	},
	"LcmMapAlgoBrLevel": [
		[1,1],
		[2,76],
		[3,226],
		[4,376],
		[5,526],
		[6,676],
		[7,826],
		[8,976],
		[9,1125],
		[10,1275],
		[11,1425],
		[12,1575],
		[13,1725],
		[14,1875],
		[15,2025],
		[16,2175],
		[17,2325],
		[18,2475],
		[19,2625],
		[20,2775],
		[21,2925],
		[22,3075],
		[23,3225],
		[24,3375],
		[25,3525],
		[26,3675],
		[27,3825],
		[28,3975],
		[29,4125],
		[30,4275],
		[31,4425],
		[32,4511],
		[33,4531],
		[34,4551],
		[35,4570],
		[36,4590],
		[37,4610],
		[38,4630],
		[39,4650],
		[40,4670],
		[41,4690],
		[42,4710],
		[43,4729],
		[44,4749],
		[45,4769],
		[46,4789],
		[47,4809],
		[48,4829],
		[49,4849],
		[50,4868],
		[51,4888],
		[52,4908],
		[53,4928],
		[54,4948],
		[55,4968],
		[56,4988],
		[57,5008],
		[58,5027],
		[59,5047],
		[60,5067],
		[61,5087],
		[62,5107],
		[63,5127],
		[64,5147],
		[65,5166],
		[66,5186],
		[67,5206],
		[68,5226],
		[69,5246],
		[70,5266],
		[71,5286],
		[72,5305],
		[73,5325],
		[74,5345],
		[75,5365],
		[76,5385],
		[77,5405],
		[78,5425],
		[79,5445],
		[80,5464],
		[81,5484],
		[82,5504],
		[83,5524],
		[84,5544],
		[85,5564],
		[86,5584],
		[87,5603],
		[88,5623],
		[89,5643],
		[90,5663],
		[91,5683],
		[92,5703],
		[93,5723],
		[94,5743],
		[95,5762],
		[96,5782],
		[97,5802],
		[98,5822],
		[99,5842],
		[100,5862],
		[101,5882],
		[102,5901],
		[103,5921],
		[104,5941],
		[105,5961],
		[106,5981],
		[107,6001],
		[108,6021],
		[109,6040],
		[110,6060],
		[111,6080],
		[112,6100],
		[113,6120],
		[114,6140],
		[115,6160],
		[116,6180],
		[117,6199],
		[118,6219],
		[119,6239],
		[120,6259],
		[121,6279],
		[122,6299],
		[123,6319],
		[124,6338],
		[125,6358],
		[126,6378],
		[127,6398],
		[128,6418],
		[129,6438],
		[130,6458],
		[131,6478],
		[132,6497],
		[133,6517],
		[134,6537],
		[135,6557],
		[136,6577],
		[137,6597],
		[138,6617],
		[139,6636],
		[140,6656],
		[141,6676],
		[142,6696],
		[143,6716],
		[144,6736],
		[145,6756],
		[146,6775],
		[147,6795],
		[148,6815],
		[149,6835],
		[150,6879],
		[151,6944],
		[152,7008],
		[153,7072],
		[154,7136],
		[155,7200],
		[156,7264],
		[157,7328],
		[158,7393],
		[159,7457],
		[160,7521],
		[161,7585],
		[162,7649],
		[163,7713],
		[164,7777],
		[165,7841],
		[166,7906],
		[167,7970],
		[168,8034],
		[169,8098],
		[170,8162],
		[171,8226],
		[172,8290],
		[173,8354],
		[174,8419],
		[175,8483],
		[176,8547],
		[177,8611],
		[178,8675],
		[179,8739],
		[180,8803],
		[181,8867],
		[182,8932],
		[183,8996],
		[184,9060],
		[185,9124],
		[186,9188],
		[187,9252],
		[188,9316],
		[189,9380],
		[190,9445],
		[191,9509],
		[192,9573],
		[193,9637],
		[194,9701],
		[195,9765],
		[196,9829],
		[197,9893],
		[198,9958],
		[199,10022],
		[200,10086],
		[201,10150],
		[202,10214],
		[203,10278],
		[204,10342],
		[205,10406],
		[206,10471],
		[207,10535],
		[208,10599],
		[209,10663],
		[210,10727],
		[211,10791],
		[212,10855],
		[213,10919],
		[214,10984],
		[215,11048],
		[216,11112],
		[217,11176],
		[218,11240],
		[219,11304],
		[220,11368],
		[221,11432],
		[222,11497],
		[223,11561],
		[224,11625],
		[225,11689],
		[226,11753],
		[227,11817],
		[228,11881],
		[229,11945],
		[230,12010],
		[231,12074],
		[232,12138],
		[233,12202],
		[234,12266],
		[235,12330],
		[236,12394],
		[237,12458],
		[238,12523],
		[239,12587],
		[240,12651],
		[241,12715],
		[242,12779],
		[243,12843],
		[244,12907],
		[245,12971],
		[246,13036],
		[247,13100],
		[248,13164],
		[249,13228],
		[250,13292],
		[251,13356],
		[252,13420],
		[253,13484],
		[254,13548],
		[255,13581]
	]
}
