{
	"AlgoMap255BrLevel": {
		"sectionone": [0.006667,1.993],
		"sectiontwo": [0.05034,-194.6],
		"sectionthree": [0.0122334848,66.22509612],
		"sectionkeypoint": [4501,6848]
	},
	"LcmMapAlgoBrLevel": [
		[1,1],
		[2,76],
		[3,226],
		[4,376],
		[5,526],
		[6,676],
		[7,826],
		[8,976],
		[9,1125],
		[10,1275],
		[11,1425],
		[12,1575],
		[13,1725],
		[14,1875],
		[15,2025],
		[16,2175],
		[17,2325],
		[18,2475],
		[19,2625],
		[20,2775],
		[21,2925],
		[22,3075],
		[23,3225],
		[24,3375],
		[25,3525],
		[26,3675],
		[27,3825],
		[28,3975],
		[29,4125],
		[30,4275],
		[31,4425],
		[32,4511],
		[33,4531],
		[34,4551],
		[35,4570],
		[36,4590],
		[37,4610],
		[38,4630],
		[39,4650],
		[40,4670],
		[41,4690],
		[42,4710],
		[43,4729],
		[44,4749],
		[45,4769],
		[46,4789],
		[47,4809],
		[48,4829],
		[49,4849],
		[50,4868],
		[51,4888],
		[52,4908],
		[53,4928],
		[54,4948],
		[55,4968],
		[56,4988],
		[57,5008],
		[58,5027],
		[59,5047],
		[60,5067],
		[61,5087],
		[62,5107],
		[63,5127],
		[64,5147],
		[65,5166],
		[66,5186],
		[67,5206],
		[68,5226],
		[69,5246],
		[70,5266],
		[71,5286],
		[72,5305],
		[73,5325],
		[74,5345],
		[75,5365],
		[76,5385],
		[77,5405],
		[78,5425],
		[79,5445],
		[80,5464],
		[81,5484],
		[82,5504],
		[83,5524],
		[84,5544],
		[85,5564],
		[86,5584],
		[87,5603],
		[88,5623],
		[89,5643],
		[90,5663],
		[91,5683],
		[92,5703],
		[93,5723],
		[94,5743],
		[95,5762],
		[96,5782],
		[97,5802],
		[98,5822],
		[99,5842],
		[100,5862],
		[101,5882],
		[102,5901],
		[103,5921],
		[104,5941],
		[105,5961],
		[106,5981],
		[107,6001],
		[108,6021],
		[109,6040],
		[110,6060],
		[111,6080],
		[112,6100],
		[113,6120],
		[114,6140],
		[115,6160],
		[116,6180],
		[117,6199],
		[118,6219],
		[119,6239],
		[120,6259],
		[121,6279],
		[122,6299],
		[123,6319],
		[124,6338],
		[125,6358],
		[126,6378],
		[127,6398],
		[128,6418],
		[129,6438],
		[130,6458],
		[131,6478],
		[132,6497],
		[133,6517],
		[134,6537],
		[135,6557],
		[136,6577],
		[137,6597],
		[138,6617],
		[139,6636],
		[140,6656],
		[141,6676],
		[142,6696],
		[143,6716],
		[144,6736],
		[145,6756],
		[146,6775],
		[147,6795],
		[148,6815],
		[149,6835],
		[150,6887],
		[151,6970],
		[152,7052],
		[153,7134],
		[154,7215],
		[155,7297],
		[156,7379],
		[157,7461],
		[158,7542],
		[159,7624],
		[160,7706],
		[161,7788],
		[162,7869],
		[163,7951],
		[164,8033],
		[165,8115],
		[166,8196],
		[167,8278],
		[168,8360],
		[169,8442],
		[170,8523],
		[171,8605],
		[172,8687],
		[173,8769],
		[174,8850],
		[175,8932],
		[176,9014],
		[177,9096],
		[178,9177],
		[179,9259],
		[180,9341],
		[181,9423],
		[182,9504],
		[183,9586],
		[184,9668],
		[185,9749],
		[186,9831],
		[187,9913],
		[188,9995],
		[189,10076],
		[190,10158],
		[191,10240],
		[192,10322],
		[193,10403],
		[194,10485],
		[195,10567],
		[196,10649],
		[197,10730],
		[198,10812],
		[199,10894],
		[200,10976],
		[201,11057],
		[202,11139],
		[203,11221],
		[204,11303],
		[205,11384],
		[206,11466],
		[207,11548],
		[208,11630],
		[209,11711],
		[210,11793],
		[211,11875],
		[212,11957],
		[213,12038],
		[214,12120],
		[215,12202],
		[216,12284],
		[217,12365],
		[218,12447],
		[219,12529],
		[220,12610],
		[221,12692],
		[222,12774],
		[223,12856],
		[224,12937],
		[225,13019],
		[226,13101],
		[227,13183],
		[228,13264],
		[229,13346],
		[230,13428],
		[231,13510],
		[232,13591],
		[233,13673],
		[234,13755],
		[235,13837],
		[236,13918],
		[237,14000],
		[238,14082],
		[239,14164],
		[240,14245],
		[241,14327],
		[242,14409],
		[243,14491],
		[244,14572],
		[245,14654],
		[246,14736],
		[247,14818],
		[248,14899],
		[249,14981],
		[250,15063],
		[251,15145],
		[252,15226],
		[253,15308],
		[254,15390],
		[255,15431]
	]
}
