{
	"AlgoMap255BrLevel": {
		"sectionone": [0.006667,1.993],
		"sectiontwo": [0.05034,-194.6],
		"sectionthree": [0.0165981663,36.33575719],
		"sectionkeypoint": [4501,6848]
	},
	"LcmMapAlgoBrLevel": [
		[1,1],
		[2,76],
		[3,226],
		[4,376],
		[5,526],
		[6,676],
		[7,826],
		[8,976],
		[9,1125],
		[10,1275],
		[11,1425],
		[12,1575],
		[13,1725],
		[14,1875],
		[15,2025],
		[16,2175],
		[17,2325],
		[18,2475],
		[19,2625],
		[20,2775],
		[21,2925],
		[22,3075],
		[23,3225],
		[24,3375],
		[25,3525],
		[26,3675],
		[27,3825],
		[28,3975],
		[29,4125],
		[30,4275],
		[31,4425],
		[32,4511],
		[33,4531],
		[34,4551],
		[35,4570],
		[36,4590],
		[37,4610],
		[38,4630],
		[39,4650],
		[40,4670],
		[41,4690],
		[42,4710],
		[43,4729],
		[44,4749],
		[45,4769],
		[46,4789],
		[47,4809],
		[48,4829],
		[49,4849],
		[50,4868],
		[51,4888],
		[52,4908],
		[53,4928],
		[54,4948],
		[55,4968],
		[56,4988],
		[57,5008],
		[58,5027],
		[59,5047],
		[60,5067],
		[61,5087],
		[62,5107],
		[63,5127],
		[64,5147],
		[65,5166],
		[66,5186],
		[67,5206],
		[68,5226],
		[69,5246],
		[70,5266],
		[71,5286],
		[72,5305],
		[73,5325],
		[74,5345],
		[75,5365],
		[76,5385],
		[77,5405],
		[78,5425],
		[79,5445],
		[80,5464],
		[81,5484],
		[82,5504],
		[83,5524],
		[84,5544],
		[85,5564],
		[86,5584],
		[87,5603],
		[88,5623],
		[89,5643],
		[90,5663],
		[91,5683],
		[92,5703],
		[93,5723],
		[94,5743],
		[95,5762],
		[96,5782],
		[97,5802],
		[98,5822],
		[99,5842],
		[100,5862],
		[101,5882],
		[102,5901],
		[103,5921],
		[104,5941],
		[105,5961],
		[106,5981],
		[107,6001],
		[108,6021],
		[109,6040],
		[110,6060],
		[111,6080],
		[112,6100],
		[113,6120],
		[114,6140],
		[115,6160],
		[116,6180],
		[117,6199],
		[118,6219],
		[119,6239],
		[120,6259],
		[121,6279],
		[122,6299],
		[123,6319],
		[124,6338],
		[125,6358],
		[126,6378],
		[127,6398],
		[128,6418],
		[129,6438],
		[130,6458],
		[131,6478],
		[132,6497],
		[133,6517],
		[134,6537],
		[135,6557],
		[136,6577],
		[137,6597],
		[138,6617],
		[139,6636],
		[140,6656],
		[141,6676],
		[142,6696],
		[143,6716],
		[144,6736],
		[145,6756],
		[146,6775],
		[147,6795],
		[148,6815],
		[149,6835],
		[150,6877],
		[151,6938],
		[152,6998],
		[153,7058],
		[154,7119],
		[155,7179],
		[156,7239],
		[157,7299],
		[158,7360],
		[159,7420],
		[160,7480],
		[161,7540],
		[162,7601],
		[163,7661],
		[164,7721],
		[165,7781],
		[166,7842],
		[167,7902],
		[168,7962],
		[169,8022],
		[170,8083],
		[171,8143],
		[172,8203],
		[173,8263],
		[174,8324],
		[175,8384],
		[176,8444],
		[177,8504],
		[178,8565],
		[179,8625],
		[180,8685],
		[181,8745],
		[182,8806],
		[183,8866],
		[184,8926],
		[185,8986],
		[186,9047],
		[187,9107],
		[188,9167],
		[189,9227],
		[190,9288],
		[191,9348],
		[192,9408],
		[193,9468],
		[194,9529],
		[195,9589],
		[196,9649],
		[197,9709],
		[198,9770],
		[199,9830],
		[200,9890],
		[201,9950],
		[202,10011],
		[203,10071],
		[204,10131],
		[205,10191],
		[206,10252],
		[207,10312],
		[208,10372],
		[209,10432],
		[210,10493],
		[211,10553],
		[212,10613],
		[213,10673],
		[214,10734],
		[215,10794],
		[216,10854],
		[217,10914],
		[218,10975],
		[219,11035],
		[220,11095],
		[221,11155],
		[222,11216],
		[223,11276],
		[224,11336],
		[225,11396],
		[226,11457],
		[227,11517],
		[228,11577],
		[229,11637],
		[230,11698],
		[231,11758],
		[232,11818],
		[233,11878],
		[234,11939],
		[235,11999],
		[236,12059],
		[237,12119],
		[238,12180],
		[239,12240],
		[240,12300],
		[241,12360],
		[242,12421],
		[243,12481],
		[244,12541],
		[245,12601],
		[246,12662],
		[247,12722],
		[248,12782],
		[249,12842],
		[250,12903],
		[251,12963],
		[252,13023],
		[253,13083],
		[254,13143],
		[255,13174]
	]
}
