{
	"AlgoMap255BrLevel": {
		"sectionone": [0.006667,1.993],
		"sectiontwo": [0.05034,-194.6],
		"sectionthree": [0.01647317226,37.19171635],
		"sectionkeypoint": [4501,6848]
	},
	"LcmMapAlgoBrLevel": [
		[1,1],
		[2,76],
		[3,226],
		[4,376],
		[5,526],
		[6,676],
		[7,826],
		[8,976],
		[9,1125],
		[10,1275],
		[11,1425],
		[12,1575],
		[13,1725],
		[14,1875],
		[15,2025],
		[16,2175],
		[17,2325],
		[18,2475],
		[19,2625],
		[20,2775],
		[21,2925],
		[22,3075],
		[23,3225],
		[24,3375],
		[25,3525],
		[26,3675],
		[27,3825],
		[28,3975],
		[29,4125],
		[30,4275],
		[31,4425],
		[32,4511],
		[33,4531],
		[34,4551],
		[35,4570],
		[36,4590],
		[37,4610],
		[38,4630],
		[39,4650],
		[40,4670],
		[41,4690],
		[42,4710],
		[43,4729],
		[44,4749],
		[45,4769],
		[46,4789],
		[47,4809],
		[48,4829],
		[49,4849],
		[50,4868],
		[51,4888],
		[52,4908],
		[53,4928],
		[54,4948],
		[55,4968],
		[56,4988],
		[57,5008],
		[58,5027],
		[59,5047],
		[60,5067],
		[61,5087],
		[62,5107],
		[63,5127],
		[64,5147],
		[65,5166],
		[66,5186],
		[67,5206],
		[68,5226],
		[69,5246],
		[70,5266],
		[71,5286],
		[72,5305],
		[73,5325],
		[74,5345],
		[75,5365],
		[76,5385],
		[77,5405],
		[78,5425],
		[79,5445],
		[80,5464],
		[81,5484],
		[82,5504],
		[83,5524],
		[84,5544],
		[85,5564],
		[86,5584],
		[87,5603],
		[88,5623],
		[89,5643],
		[90,5663],
		[91,5683],
		[92,5703],
		[93,5723],
		[94,5743],
		[95,5762],
		[96,5782],
		[97,5802],
		[98,5822],
		[99,5842],
		[100,5862],
		[101,5882],
		[102,5901],
		[103,5921],
		[104,5941],
		[105,5961],
		[106,5981],
		[107,6001],
		[108,6021],
		[109,6040],
		[110,6060],
		[111,6080],
		[112,6100],
		[113,6120],
		[114,6140],
		[115,6160],
		[116,6180],
		[117,6199],
		[118,6219],
		[119,6239],
		[120,6259],
		[121,6279],
		[122,6299],
		[123,6319],
		[124,6338],
		[125,6358],
		[126,6378],
		[127,6398],
		[128,6418],
		[129,6438],
		[130,6458],
		[131,6478],
		[132,6497],
		[133,6517],
		[134,6537],
		[135,6557],
		[136,6577],
		[137,6597],
		[138,6617],
		[139,6636],
		[140,6656],
		[141,6676],
		[142,6696],
		[143,6716],
		[144,6736],
		[145,6756],
		[146,6775],
		[147,6795],
		[148,6815],
		[149,6835],
		[150,6877],
		[151,6939],
		[152,7000],
		[153,7060],
		[154,7121],
		[155,7182],
		[156,7242],
		[157,7303],
		[158,7364],
		[159,7425],
		[160,7485],
		[161,7546],
		[162,7607],
		[163,7667],
		[164,7728],
		[165,7789],
		[166,7849],
		[167,7910],
		[168,7971],
		[169,8032],
		[170,8092],
		[171,8153],
		[172,8214],
		[173,8274],
		[174,8335],
		[175,8396],
		[176,8457],
		[177,8517],
		[178,8578],
		[179,8639],
		[180,8699],
		[181,8760],
		[182,8821],
		[183,8881],
		[184,8942],
		[185,9003],
		[186,9064],
		[187,9124],
		[188,9185],
		[189,9246],
		[190,9306],
		[191,9367],
		[192,9428],
		[193,9489],
		[194,9549],
		[195,9610],
		[196,9671],
		[197,9731],
		[198,9792],
		[199,9853],
		[200,9913],
		[201,9974],
		[202,10035],
		[203,10096],
		[204,10156],
		[205,10217],
		[206,10278],
		[207,10338],
		[208,10399],
		[209,10460],
		[210,10520],
		[211,10581],
		[212,10642],
		[213,10703],
		[214,10763],
		[215,10824],
		[216,10885],
		[217,10945],
		[218,11006],
		[219,11067],
		[220,11128],
		[221,11188],
		[222,11249],
		[223,11310],
		[224,11370],
		[225,11431],
		[226,11492],
		[227,11552],
		[228,11613],
		[229,11674],
		[230,11735],
		[231,11795],
		[232,11856],
		[233,11917],
		[234,11977],
		[235,12038],
		[236,12099],
		[237,12160],
		[238,12220],
		[239,12281],
		[240,12342],
		[241,12402],
		[242,12463],
		[243,12524],
		[244,12584],
		[245,12645],
		[246,12706],
		[247,12767],
		[248,12827],
		[249,12888],
		[250,12949],
		[251,13009],
		[252,13070],
		[253,13131],
		[254,13191],
		[255,13222]
	]
}
