{
	"AlgoMap255BrLevel": {
		"sectionone": [0.006667,1.993],
		"sectiontwo": [0.05034,-194.6],
		"sectionthree": [0.01555555556,43.47555556],
		"sectionkeypoint": [4501,6848]
	},
	"LcmMapAlgoBrLevel": [
		[1,1],
		[2,76],
		[3,226],
		[4,376],
		[5,526],
		[6,676],
		[7,826],
		[8,976],
		[9,1125],
		[10,1275],
		[11,1425],
		[12,1575],
		[13,1725],
		[14,1875],
		[15,2025],
		[16,2175],
		[17,2325],
		[18,2475],
		[19,2625],
		[20,2775],
		[21,2925],
		[22,3075],
		[23,3225],
		[24,3375],
		[25,3525],
		[26,3675],
		[27,3825],
		[28,3975],
		[29,4125],
		[30,4275],
		[31,4425],
		[32,4511],
		[33,4531],
		[34,4551],
		[35,4570],
		[36,4590],
		[37,4610],
		[38,4630],
		[39,4650],
		[40,4670],
		[41,4690],
		[42,4710],
		[43,4729],
		[44,4749],
		[45,4769],
		[46,4789],
		[47,4809],
		[48,4829],
		[49,4849],
		[50,4868],
		[51,4888],
		[52,4908],
		[53,4928],
		[54,4948],
		[55,4968],
		[56,4988],
		[57,5008],
		[58,5027],
		[59,5047],
		[60,5067],
		[61,5087],
		[62,5107],
		[63,5127],
		[64,5147],
		[65,5166],
		[66,5186],
		[67,5206],
		[68,5226],
		[69,5246],
		[70,5266],
		[71,5286],
		[72,5305],
		[73,5325],
		[74,5345],
		[75,5365],
		[76,5385],
		[77,5405],
		[78,5425],
		[79,5445],
		[80,5464],
		[81,5484],
		[82,5504],
		[83,5524],
		[84,5544],
		[85,5564],
		[86,5584],
		[87,5603],
		[88,5623],
		[89,5643],
		[90,5663],
		[91,5683],
		[92,5703],
		[93,5723],
		[94,5743],
		[95,5762],
		[96,5782],
		[97,5802],
		[98,5822],
		[99,5842],
		[100,5862],
		[101,5882],
		[102,5901],
		[103,5921],
		[104,5941],
		[105,5961],
		[106,5981],
		[107,6001],
		[108,6021],
		[109,6040],
		[110,6060],
		[111,6080],
		[112,6100],
		[113,6120],
		[114,6140],
		[115,6160],
		[116,6180],
		[117,6199],
		[118,6219],
		[119,6239],
		[120,6259],
		[121,6279],
		[122,6299],
		[123,6319],
		[124,6338],
		[125,6358],
		[126,6378],
		[127,6398],
		[128,6418],
		[129,6438],
		[130,6458],
		[131,6478],
		[132,6497],
		[133,6517],
		[134,6537],
		[135,6557],
		[136,6577],
		[137,6597],
		[138,6617],
		[139,6636],
		[140,6656],
		[141,6676],
		[142,6696],
		[143,6716],
		[144,6736],
		[145,6756],
		[146,6775],
		[147,6795],
		[148,6815],
		[149,6835],
		[150,6879],
		[151,6944],
		[152,7008],
		[153,7073],
		[154,7137],
		[155,7201],
		[156,7266],
		[157,7330],
		[158,7394],
		[159,7458],
		[160,7523],
		[161,7587],
		[162,7651],
		[163,7716],
		[164,7780],
		[165,7844],
		[166,7908],
		[167,7973],
		[168,8037],
		[169,8101],
		[170,8166],
		[171,8230],
		[172,8294],
		[173,8358],
		[174,8423],
		[175,8487],
		[176,8551],
		[177,8616],
		[178,8680],
		[179,8744],
		[180,8808],
		[181,8873],
		[182,8937],
		[183,9001],
		[184,9066],
		[185,9130],
		[186,9194],
		[187,9258],
		[188,9323],
		[189,9387],
		[190,9451],
		[191,9516],
		[192,9580],
		[193,9644],
		[194,9708],
		[195,9773],
		[196,9837],
		[197,9901],
		[198,9966],
		[199,10030],
		[200,10094],
		[201,10158],
		[202,10223],
		[203,10287],
		[204,10351],
		[205,10416],
		[206,10480],
		[207,10544],
		[208,10608],
		[209,10673],
		[210,10737],
		[211,10801],
		[212,10866],
		[213,10930],
		[214,10994],
		[215,11058],
		[216,11123],
		[217,11187],
		[218,11251],
		[219,11316],
		[220,11380],
		[221,11444],
		[222,11508],
		[223,11573],
		[224,11637],
		[225,11701],
		[226,11766],
		[227,11830],
		[228,11894],
		[229,11958],
		[230,12023],
		[231,12087],
		[232,12151],
		[233,12216],
		[234,12280],
		[235,12344],
		[236,12408],
		[237,12473],
		[238,12537],
		[239,12601],
		[240,12665],
		[241,12730],
		[242,12794],
		[243,12858],
		[244,12923],
		[245,12987],
		[246,13051],
		[247,13115],
		[248,13180],
		[249,13244],
		[250,13308],
		[251,13373],
		[252,13437],
		[253,13501],
		[254,13565],
		[255,13598]
	]
}
