{
	"AlgoMap255BrLevel": {
		"sectionone": [0.006667,1.993],
		"sectiontwo": [0.05034,-194.6],
		"sectionthree": [0.01241281475,64.99704457],
		"sectionkeypoint": [4501,6848]
	},
	"LcmMapAlgoBrLevel": [
		[1,1],
		[2,76],
		[3,226],
		[4,376],
		[5,526],
		[6,676],
		[7,826],
		[8,976],
		[9,1125],
		[10,1275],
		[11,1425],
		[12,1575],
		[13,1725],
		[14,1875],
		[15,2025],
		[16,2175],
		[17,2325],
		[18,2475],
		[19,2625],
		[20,2775],
		[21,2925],
		[22,3075],
		[23,3225],
		[24,3375],
		[25,3525],
		[26,3675],
		[27,3825],
		[28,3975],
		[29,4125],
		[30,4275],
		[31,4425],
		[32,4511],
		[33,4531],
		[34,4551],
		[35,4570],
		[36,4590],
		[37,4610],
		[38,4630],
		[39,4650],
		[40,4670],
		[41,4690],
		[42,4710],
		[43,4729],
		[44,4749],
		[45,4769],
		[46,4789],
		[47,4809],
		[48,4829],
		[49,4849],
		[50,4868],
		[51,4888],
		[52,4908],
		[53,4928],
		[54,4948],
		[55,4968],
		[56,4988],
		[57,5008],
		[58,5027],
		[59,5047],
		[60,5067],
		[61,5087],
		[62,5107],
		[63,5127],
		[64,5147],
		[65,5166],
		[66,5186],
		[67,5206],
		[68,5226],
		[69,5246],
		[70,5266],
		[71,5286],
		[72,5305],
		[73,5325],
		[74,5345],
		[75,5365],
		[76,5385],
		[77,5405],
		[78,5425],
		[79,5445],
		[80,5464],
		[81,5484],
		[82,5504],
		[83,5524],
		[84,5544],
		[85,5564],
		[86,5584],
		[87,5603],
		[88,5623],
		[89,5643],
		[90,5663],
		[91,5683],
		[92,5703],
		[93,5723],
		[94,5743],
		[95,5762],
		[96,5782],
		[97,5802],
		[98,5822],
		[99,5842],
		[100,5862],
		[101,5882],
		[102,5901],
		[103,5921],
		[104,5941],
		[105,5961],
		[106,5981],
		[107,6001],
		[108,6021],
		[109,6040],
		[110,6060],
		[111,6080],
		[112,6100],
		[113,6120],
		[114,6140],
		[115,6160],
		[116,6180],
		[117,6199],
		[118,6219],
		[119,6239],
		[120,6259],
		[121,6279],
		[122,6299],
		[123,6319],
		[124,6338],
		[125,6358],
		[126,6378],
		[127,6398],
		[128,6418],
		[129,6438],
		[130,6458],
		[131,6478],
		[132,6497],
		[133,6517],
		[134,6537],
		[135,6557],
		[136,6577],
		[137,6597],
		[138,6617],
		[139,6636],
		[140,6656],
		[141,6676],
		[142,6696],
		[143,6716],
		[144,6736],
		[145,6756],
		[146,6775],
		[147,6795],
		[148,6815],
		[149,6835],
		[150,6887],
		[151,6969],
		[152,7049],
		[153,7130],
		[154,7210],
		[155,7291],
		[156,7371],
		[157,7452],
		[158,7533],
		[159,7613],
		[160,7694],
		[161,7774],
		[162,7855],
		[163,7935],
		[164,8016],
		[165,8096],
		[166,8177],
		[167,8258],
		[168,8338],
		[169,8419],
		[170,8499],
		[171,8580],
		[172,8660],
		[173,8741],
		[174,8822],
		[175,8902],
		[176,8983],
		[177,9063],
		[178,9144],
		[179,9224],
		[180,9305],
		[181,9385],
		[182,9466],
		[183,9547],
		[184,9627],
		[185,9708],
		[186,9788],
		[187,9869],
		[188,9949],
		[189,10030],
		[190,10111],
		[191,10191],
		[192,10272],
		[193,10352],
		[194,10433],
		[195,10513],
		[196,10594],
		[197,10674],
		[198,10755],
		[199,10836],
		[200,10916],
		[201,10997],
		[202,11077],
		[203,11158],
		[204,11238],
		[205,11319],
		[206,11400],
		[207,11480],
		[208,11561],
		[209,11641],
		[210,11722],
		[211,11802],
		[212,11883],
		[213,11963],
		[214,12044],
		[215,12125],
		[216,12205],
		[217,12286],
		[218,12366],
		[219,12447],
		[220,12527],
		[221,12608],
		[222,12689],
		[223,12769],
		[224,12850],
		[225,12930],
		[226,13011],
		[227,13091],
		[228,13172],
		[229,13252],
		[230,13333],
		[231,13414],
		[232,13494],
		[233,13575],
		[234,13655],
		[235,13736],
		[236,13816],
		[237,13897],
		[238,13978],
		[239,14058],
		[240,14139],
		[241,14219],
		[242,14300],
		[243,14380],
		[244,14461],
		[245,14541],
		[246,14622],
		[247,14703],
		[248,14783],
		[249,14864],
		[250,14944],
		[251,15025],
		[252,15105],
		[253,15186],
		[254,15266],
		[255,15307]
	]
}
