{
	"ramperbrightness": {
		"sectiondown": [
			[-3.795698925,9821.795699],
			[-6.529832936,14401.47017],
			[-10.75806452,19712.12903],
			[-16.49812734,24074.57678],
			[-19.88405797,25743.84058],
			[-23.69230769,27358.53846],
			[-30.23275862,29791.58621],
			[-39.74193548,32225.93548],
			[-43.31578947,33030.05263],
			[-55.47368421,35534.57895],
			[-77.06666667,38751.93333],
			[-104.137931,41567.34483],
			[-147.3846154,44810.84615],
			[-179.6153846,46809.15385],
			[-228.9333333,49225.73333],
			[-336.2727273,52875.27273],
			[-566.75,58176.25],
			[-972.5,64262.5],
			[-798,62692]
		],
		"section_downpoint": [1675,1256,760,493,424,372,256,225,206,149,104,75,62,49,34,23,15,9,6],
		"section_down_min_step": [16,10,6,4,4,3,2,2,2,2,2,2,2,2,2,2,2,2,2],
		"sectiondowngapminone": 20,
		"sectiondowngapmintwo": 80,
		"sectiondownkeybr": 372,
		"downlcmFlickValue": 2,
		"uptotaltime": 2800,
		"uplimmitcount": 25,
		"section_uppoint": [412,1262],
		"quickupstep": [29,83,79],
		"quickupgap": [20,0,0],
		"quickdownstep": [2,1,6,105],
		"quickdowngap": [40,40,30,20],
		"quick_sectionpoint": [619,289,85,25],
		"pemtotaltime": 10000
	}
}
