{
	"ramperbrightness": {
		"sectiondown": [
			[-3.359580052,8239.060367],
			[-6.017114914,12666.51345],
			[-10.53036437,18339.66802],
			[-17.10989011,23359.84615],
			[-20.26470588,24905.70588],
			[-22.85416667,25998.45833],
			[-29.79130435,28592.94783],
			[-38.58823529,30871.35294],
			[-45.66666667,32464],
			[-53.50847458,34087.25424],
			[-78.15909091,37735.54545],
			[-104,40423],
			[-147.0714286,43696.42857],
			[-168.6923077,45036.92308],
			[-238.2666667,48446.06667],
			[-348.9090909,52207.90909],
			[-531.5,56407.5],
			[-1012.166667,63617.5],
			[-1132,64696]
		],
		"section_downpoint": [1666,1257,763,490,422,374,259,225,207,148,104,76,62,49,34,23,15,9,6],
		"section_down_min_step": [18,10,6,4,3,3,3,2,2,2,2,2,2,2,2,2,2,2,2],
		"sectiondowngapminone": 20,
		"sectiondowngapmintwo": 80,
		"sectiondownkeybr": 374,
		"downlcmFlickValue": 2,
		"uptotaltime": 2800,
		"uplimmitcount": 25,
		"section_uppoint": [369,1134],
		"quickupstep": [26,75,75],
		"quickupgap": [20,0,0],
		"quickdownstep": [3,11,11,60],
		"quickdowngap": [40,40,30,20],
		"quick_sectionpoint": [861,481,222,6],
		"pemtotaltime": 10000
	}
}
