{
	"ramperbrightness": {
		"sectiondown": [
			[-3.913612565,10259.07853],
			[-6.656934307,14829.45255],
			[-10.61020408,19790.80612],
			[-16.37546468,24201.23048],
			[-19.6,25800.6],
			[-23.24528302,27353.49057],
			[-30.22413793,29956.60345],
			[-41.1,32751.7],
			[-43.68181818,33337.77273],
			[-55.45614035,35751.50877],
			[-78.81818182,39209.09091],
			[-112.6428571,42726.85714],
			[-146.8571429,45327.14286],
			[-190.3846154,48025.84615],
			[-256.1333333,51247.53333],
			[-423.7272727,56945.72727],
			[-687.875,63021.125],
			[-1240.2,71306]
		],
		"section_downpoint": [1666,1255,765,496,426,373,257,227,205,148,104,76,62,49,34,23,15,10],
		"section_down_min_step": [16,10,6,4,4,3,2,2,2,2,2,2,2,2,2,2,2,2],
		"sectiondowngapminone": 20,
		"sectiondowngapmintwo": 80,
		"sectiondownkeybr": 373,
		"downlcmFlickValue": 2,
		"uptotaltime": 2800,
		"uplimmitcount": 25,
		"section_uppoint": [420,1295],
		"quickupstep": [29,85,81],
		"quickupgap": [20,0,0],
		"quickdownstep": [10,6,26,104],
		"quickdowngap": [40,40,30,20],
		"quick_sectionpoint": [632,295,253,10],
		"pemtotaltime": 10000
	}
}
