{
	"ramperbrightness": {
		"sectiondown": [
			[-3.675585284,9750.923077],
			[-5.469090909,12885.97091],
			[-7.443438914,15794.18552],
			[-9.120833333,17894.28333],
			[-11.52409639,20326.38554],
			[-13.87640449,22316.4382],
			[-16.37546468,24208.22677],
			[-19.90322581,25929.77419],
			[-24.06756757,27703.78378],
			[-31.12631579,30188.46316],
			[-41.1,32751.7],
			[-41.7826087,32906.65217],
			[-54.98181818,35599.29091],
			[-78.77272727,39144.13636],
			[-105.2666667,41926],
			[-147.3846154,45084.84615],
			[-179.7692308,47092.69231],
			[-256.2666667,50841.06667],
			[-361.3636364,54414.36364],
			[-601.5,59937.5],
			[-998.4285714,65891.42857]
		],
		"section_downpoint": [1748,1473,1252,1012,846,757,488,426,352,257,227,204,149,105,75,62,49,34,23,15,8],
		"section_down_min_step": [17,11,9,7,6,5,4,4,3,2,2,2,2,2,2,2,2,2,2,2,2],
		"sectiondowngapminone": 20,
		"sectiondowngapmintwo": 80,
		"sectiondownkeybr": 352,
		"downlcmFlickValue": 2,
		"uptotaltime": 2800,
		"uplimmitcount": 25,
		"section_uppoint": [420,1291],
		"quickupstep": [29,85,80],
		"quickupgap": [20,0,0],
		"quickdownstep": [10,6,27,79],
		"quickdowngap": [40,40,30,20],
		"quick_sectionpoint": [979,547,253,8],
		"pemtotaltime": 10000
	}
}
