{
	"ramperbrightness": {
		"sectiondown": [
			[-3.785522788,9800.965147],
			[-6.468085106,14291.57447],
			[-10.60816327,19470.81224],
			[-16.37546468,23859.72862],
			[-19.88405797,25585.95652],
			[-23.24528302,27007.75472],
			[-30.09821429,29543.33929],
			[-38.53125,31719.0625],
			[-45.66666667,33331.66667],
			[-53.55932203,34973.33898],
			[-75.72727273,38276.36364],
			[-104.1034483,41255.86207],
			[-146.9285714,44510.57143],
			[-168.7692308,45864.69231],
			[-229.1333333,48822.53333],
			[-348.8181818,52891.81818],
			[-531.75,57099.25],
			[-930.3333333,63078],
			[-931.6666667,63090]
		],
		"section_downpoint": [1674,1251,761,492,423,370,258,226,208,149,105,76,62,49,34,23,15,9,6],
		"section_down_min_step": [16,10,6,4,4,3,2,2,2,2,2,2,2,2,2,2,2,2,2],
		"sectiondowngapminone": 20,
		"sectiondowngapmintwo": 80,
		"sectiondownkeybr": 370,
		"downlcmFlickValue": 2,
		"uptotaltime": 2800,
		"uplimmitcount": 25,
		"section_uppoint": [405,1257],
		"quickupstep": [28,83,80],
		"quickupgap": [20,0,0],
		"quickdownstep": [10,5,26,106],
		"quickdowngap": [40,40,30,20],
		"quick_sectionpoint": [611,283,243,6],
		"pemtotaltime": 10000
	}
}
