{
	"ramperbrightness": {
		"sectiondown": [
			[-3.309973046,8189.514825],
			[-6.002439024,12702.0878],
			[-10.4248497,18300.85972],
			[-16.98545455,23332.84364],
			[-19.97101449,24801.73913],
			[-23.28301887,26202.71698],
			[-30.30088496,28799.32743],
			[-37.96774194,30769.70968],
			[-45.66666667,32509.66667],
			[-53.50847458,34140.76271],
			[-76.42222222,37554.91111],
			[-108.8928571,40931.85714],
			[-137.2857143,43089.71429],
			[-168.6923077,45036.92308],
			[-238.2666667,48446.06667],
			[-348.9090909,52207.90909],
			[-514.25,56010.75],
			[-985.5,63079.5],
			[-1139.333333,64464]
		],
		"section_downpoint": [1676,1266,767,492,423,370,257,226,208,149,104,76,62,49,34,23,15,9,6],
		"section_down_min_step": [19,10,6,4,4,3,2,2,2,2,2,2,2,2,2,2,2,2,2],
		"sectiondowngapminone": 20,
		"sectiondowngapmintwo": 80,
		"sectiondownkeybr": 370,
		"downlcmFlickValue": 2,
		"uptotaltime": 2800,
		"uplimmitcount": 25,
		"section_uppoint": [370,1142],
		"quickupstep": [26,75,75],
		"quickupgap": [20,0,0],
		"quickdownstep": [3,11,11,61],
		"quickdowngap": [40,40,30,20],
		"quick_sectionpoint": [865,482,223,6],
		"pemtotaltime": 10000
	}
}
