{
	"ramperbrightness": {
		"sectiondown": [
			[-3.931880109,10211.49046],
			[-6.712616822,14885.90888],
			[-10.82555781,20039.42394],
			[-16.43656716,24303.79104],
			[-20.16176471,26136.58824],
			[-23.22641509,27436],
			[-30.50434783,30136.11304],
			[-41.06666667,32840.06667],
			[-43.36842105,33360.26316],
			[-54.5,35664.5],
			[-77.06666667,39026.93333],
			[-107.8214286,42225.42857],
			[-146.6428571,45175.85714],
			[-179.7692308,47229.69231],
			[-247.1333333,50530.53333],
			[-386.2727273,55261.27273],
			[-618.75,60608.25],
			[-1096.166667,67769.5]
		],
		"section_downpoint": [1681,1253,760,492,424,371,256,226,207,149,104,76,62,49,34,23,15,9],
		"section_down_min_step": [16,9,6,4,3,3,2,2,2,2,2,2,2,2,2,2,2,2],
		"sectiondowngapminone": 20,
		"sectiondowngapmintwo": 80,
		"sectiondownkeybr": 371,
		"downlcmFlickValue": 2,
		"uptotaltime": 2800,
		"uplimmitcount": 25,
		"section_uppoint": [424,1292],
		"quickupstep": [29,85,79],
		"quickupgap": [20,0,0],
		"quickdownstep": [10,6,27,78],
		"quickdowngap": [40,40,30,20],
		"quick_sectionpoint": [982,551,256,9],
		"pemtotaltime": 10000
	}
}
